olotolo,41927c96-4fdc-4226-a062-7dfdb51160b2
idieinpvp,8567bfd1-c897-3d7a-8191-b32f8bb95c0d
avispider,57c7f158-12dd-4019-9969-fb220631d595
lloco2000,8cd4e0f7-0c35-44b6-b264-2398f2f99d59
bamme1,0add58ed-511d-4e96-b088-8c2605a6c5da
unlimited_pug,138e4817-0c67-423e-860b-468e82ead725
rosettamoonstar,0d1f164e-8848-4176-a54f-a86fc9d3bc1b
town_sexyfuntimetown,c231effb-62dc-3339-a222-f4a2564f6fe7
town_clout,76e4181f-1f0a-3425-8456-6d815b731c4c
town_oldtown,6cc65e26-aeb5-31de-bd8b-de85b251cbbe
lucrativeyt,704e535c-d3db-34c7-bb8c-522b12acd7ad
the_electro_,dfe22fd1-10e0-4868-9db3-1c337c548770
fqtal,3d6028fa-6784-49c4-8fe7-91f6c5cacafd
pokemonchamp_red,7c589d9d-ca00-4375-8106-c4d2195bead2
chubby_chob,2d72c19a-9295-4fac-9f74-b74d56c8d145
gwis,5b9a3bf4-9730-4532-a5f8-42d125ff147f
moa_kikuchi,13e12175-31e0-41de-b55a-0bcbdcf011b2
lynxer,ead0cc81-7e1c-4c2a-a2e1-b081b2cc4e3c
darkwaay,49c20566-f724-4be2-8614-f4635fbd43cb
diamondawesome10,2826c2bc-0f01-4d97-b055-900274657f23
kalin4o123,3652ff5f-4869-48e9-9e32-9a61190d6829
zwic,9e7a55b5-2677-44b7-9aae-b620dae78a85
bornxxxpyscho,bbbfb2db-05c7-44f7-a164-93dbecbfde51
pastelcadet,0c5414ab-1cdf-4c4b-acd9-5eec0fad64e4
itsgamingsoni,860a45b9-bfb9-49ee-8f58-e9dcc9b936a6
aeternum,dfc9172f-6144-4488-a084-3ea3312c7a94
unlimited_mystic,9b8a4d21-fbdf-422b-96a4-608f4ffeb7e5
finatyx,322be427-a139-43d0-8dce-cca193506008
town_cookiepvp,9b20f0f0-40e3-3e4d-947d-3bdc06000b5e
jamesbondage77,689fdfe0-ffd7-4d5b-b5ce-fe4eb4c2ad0f
jossepipis,ad4ce4c5-694a-4a35-8a12-875097aa5fd1
bromull,3307e3d9-0b8b-47ba-8cfe-0f908d28a306
iantit,b0cb1477-968e-4192-a604-ce124ee09a98
flamingswordgirl,b875dd16-656c-4edd-ac7b-837c6d2f3110
deathweilder,8ab01799-d70e-4e7b-a730-d56dd4755bbb
towny_war_chest,8895c16c-cfae-3603-b813-f8649db09290
deadway91,c5242c00-a30b-44bf-85d9-ae852ea98cf4
memelord,163d0185-9e3f-4400-bf54-8343de808ff8
xx_diamonddropin,e99c55e7-b71d-4d93-a361-e085907295fa
enderisss,510ae840-6581-4067-a3d3-65c1e3663e0d
iflexonchildren,f727fbe1-2f06-437c-ab14-6c60c614b7ae
billybobsbutt,a88bc9e6-9490-4848-a638-ea493dcc5e7e
adsidas,4bde0028-86fb-4a68-8480-071cb4a565fc
jackbusters,565a7ea6-a5cf-4e39-8f18-a536ed0150d2
lillatussilago,13d4c292-8438-4a05-a7a2-fa107b326dcc
dvsq,1ca24302-0da7-42fe-86c0-d8e660bf0a3d
krarup93,395bd90a-326d-4d8c-b4e4-9826033b6ef8
town_gang,b0cd4fd3-118f-3b9f-9e55-97ce7a3bd9e5
boshiyet,5d0b3c17-73d3-42ef-b7fa-6908bddd56b1
chatrobert,d26a997a-d649-47d4-9ae4-a2bb12c7a106
town_ulvsby,177ed822-c1bd-3527-9cdb-698936f7bdac
moofin420,36dc1300-bc31-49d1-8773-671ebfc031ff
adamzer0,27be89c7-d816-482f-971e-ecaa0b954325
cliffy987,e44f30db-06d9-4547-b8ac-06dd32e3aacf
privelegiy,40b21f1b-905b-4922-b94d-20d23c1f4d2a
_walrus_knight_,3a4ec209-ab9b-4378-ad38-1b8546aca197
noiceforever,cd404a33-a32b-43ce-b65b-77ce39b2cdc9
creeper2357,1881d8ec-48ce-496c-a318-6070b3d0cac9
sludgydig43835,9b60ea3c-2c74-49d5-a968-9f24eb6a463e
impatience_,47badd96-fb1a-496a-938b-e2f42f836bbe
xgames_yt,d576ad7d-a86b-4386-aa9d-edcadf086c46
ore_,f78c667c-1249-4b9c-946c-af17a7bacc53
okayalpaca,be6de99f-2e29-47b1-9c9c-7c97b58a5a63
propertyofdraven,205aafe4-633b-4171-a9d3-36851a3a47be
adamant,ee707b0d-9097-4239-b9c8-3d8a566390ad
plej,4375d483-6bf1-480e-8327-51b7db8be7fa
town_jamestown,6e32fe82-4fad-3427-8a6e-abef209e3950
earlobe2,68770216-f164-45f4-af6f-cfc8f108e3e5
twekeee,860fca94-0e61-4d8d-9e63-8184f7929720
zedyy,ea0f9dbe-b026-4f3d-b29d-9a1bc77010de
yorai1212,b4ab5667-4bad-4a8c-a0b6-27888d7ab80b
elijahbrooks06,00ee7869-4787-40a5-b005-c3e1f1479e9a
town_imperial,101518df-f626-3f35-834b-3f73268173e9
fintaxamar,82a73a8e-f975-455e-9d7a-2bd70d34fcba
town_grindstone,1b5fed67-c852-3d68-af3f-656c13e6dc14
tre_,75688053-3e28-4b09-bd93-db47bf3d5793
elvisgonzalez7,9e4aeee8-863b-4091-8efa-a75afc9fd150
grindstone,f008d72a-07f4-435e-8f70-d83b439e7bc1
town_sexy,c1274b75-72da-32fc-853a-d5f3649d4829
forbiddenjoy,050077c2-04c3-4324-9586-4a47866f1575
sborti,14d17d6f-3f39-4c5f-bc41-b7ad5387b3c1
aquablastx,7c3e4326-33f1-46b4-9b8e-bce8e287c845
bones,5885df2d-6324-4e51-ad36-a430e8b9dd67
coookiewizard,1246608f-4522-3d69-ab07-562f217a2ae3
cubismen,2d6f3050-6da0-4ad3-b3ca-e29fb8346305
frostydinoyt,3c9b8864-f702-4ed5-9520-81e37a11ed59
rothorin,386c97d8-7429-4e67-8d05-71a12ed9523b
chocci,0bbedb09-9f6b-4c85-a39b-4f1df5d3b810
kingcactus1,a00082e8-a739-4e5b-821b-c7ec455e2556
mustachemaster91,3f2340ec-4046-44ae-ab22-a085bda73e88
joheen90,a80850cd-09d3-460e-a968-2dcb44f4b89c
tortyrsvensk,98de7381-17b6-312e-ace4-7c6720c4fcb6
nooppee,e236a8cd-53be-44af-8b34-5b8e14998dad
reflexiveelm51,b8a6142e-ba52-3676-b948-d9e0cfe5345a
town_townyplay,d6d8f327-44d1-3df4-8c21-dc4d16ca24dc
litova___27,39b71f2a-b826-48dc-b8e6-0ff2db47966f
kottizh,1fe98157-8dea-462f-8ed5-121a97548501
drbot,97af43cd-fc27-40a5-8d84-8ac8cf03f929
town_test,99f32c9b-1e2f-3b93-ae61-5e69bd262e4a
lellelo,66ddd0bb-2dc8-46e2-8bb6-4499d2b97bd1
augustcaanay,976555f6-6a58-4a61-b8f1-bd05510bdada
town_highlands,c0ddfd79-b49a-360f-9b70-ab7d2e078fbd
qwayaciik,ff85caa5-3d6d-4247-b446-90448e57bc81
swordtrix,a44260da-7e19-4135-a49c-f1473b775c03
_isa9000_,6832684d-2f80-41ff-9731-5bb68f5cb76a
emperorsalt,42a0bae4-9a59-412d-ba9c-b5f302628f47
moshi,ac8ca0ba-c960-48ff-8c48-d75428e6fc9c
sandh,0e418095-75f1-4f92-a0e7-3d73ab2864b9
ambiee,2ff0a121-5dfe-4cf8-b4b6-6f9a520353a2
wilolino,09944ca2-69ac-4728-a9de-54a8b8c09cac
oisindman,6a3c18aa-5628-457d-883d-f7ca07d2f8f6
xder23,4b008068-2dd0-4d10-a16f-8349f6ffdb65
glitchee,5f42399a-574f-435b-b56d-388d65e27a45
aquazelos,b14ce652-a66c-48f7-9c88-645dd3c6b79c
build,487f0e91-6c28-3b4b-ae51-e0b7f15c8cc5
town_wonderland,4bd6d118-ae29-3116-ab04-c0326a0a2217
_dr_dan,aa4810f0-8098-410c-beb8-f7c8fff2ce8d
linabern02,b9d08c03-f567-4d63-8ce0-f72b0b8b4052
town_james,3d77501d-1e25-308b-9e14-6f33eac7ef55
